index,longhorn,rockfalls,bobcat,windthorst2,bobcat_wt2,longhorn2,pilot_hill,pilot_hill_post,morro_bay,kelly_creek,spearville3,spinning_spur,slate_creek,wapsi
1,2018-12-31 00:00:00,2019-12-31 00:00:00,2018-12-31 12:00:00,2018-12-31 12:00:00,2018-12-31 12:00:00,2014-12-31 12:00:00,2015-12-31 12:00:00,2018-12-31 12:00:00,2017-12-31 12:00:00,2018-12-31 12:00:00,2019-12-31 12:00:00,2019-12-31 12:00:00,2019-12-31 12:00:00,2017-12-31 12:00:00
2,2019-01-02 00:00:00,2020-01-02 00:00:00,2019-01-02 12:00:00,2019-01-02 12:00:00,2019-01-02 12:00:00,2015-01-02 12:00:00,2016-01-02 12:00:00,2019-01-02 12:00:00,2018-01-02 12:00:00,2019-01-02 12:00:00,2020-01-02 12:00:00,2020-01-02 12:00:00,2020-01-02 12:00:00,2018-01-02 12:00:00
3,2019-01-04 00:00:00,2020-01-04 00:00:00,2019-01-04 12:00:00,2019-01-04 12:00:00,2019-01-04 12:00:00,2015-01-04 12:00:00,2016-01-04 12:00:00,2019-01-04 12:00:00,2018-01-04 12:00:00,2019-01-04 12:00:00,2020-01-04 12:00:00,2020-01-04 12:00:00,2020-01-04 12:00:00,2018-01-04 12:00:00
4,2019-01-06 00:00:00,2020-01-06 00:00:00,2019-01-06 12:00:00,2019-01-06 12:00:00,2019-01-06 12:00:00,2015-01-06 12:00:00,2016-01-06 12:00:00,2019-01-06 12:00:00,2018-01-06 12:00:00,2019-01-06 12:00:00,2020-01-06 12:00:00,2020-01-06 12:00:00,2020-01-06 12:00:00,2018-01-06 12:00:00
5,2019-01-08 00:00:00,2020-01-08 00:00:00,2019-01-08 12:00:00,2019-01-08 12:00:00,2019-01-08 12:00:00,2015-01-08 12:00:00,2016-01-08 12:00:00,2019-01-08 12:00:00,2018-01-08 12:00:00,2019-01-08 12:00:00,2020-01-08 12:00:00,2020-01-08 12:00:00,2020-01-08 12:00:00,2018-01-08 12:00:00
6,2019-01-10 00:00:00,2020-01-10 00:00:00,2019-01-10 12:00:00,2019-01-10 12:00:00,2019-01-10 12:00:00,2015-01-10 12:00:00,2016-01-10 12:00:00,2019-01-10 12:00:00,2018-01-10 12:00:00,2019-01-10 12:00:00,2020-01-10 12:00:00,2020-01-10 12:00:00,2020-01-10 12:00:00,2018-01-10 12:00:00
7,2019-01-12 00:00:00,2020-01-12 00:00:00,2019-01-12 12:00:00,2019-01-12 12:00:00,2019-01-12 12:00:00,2015-01-12 12:00:00,2016-01-12 12:00:00,2019-01-12 12:00:00,2018-01-12 12:00:00,2019-01-12 12:00:00,2020-01-12 12:00:00,2020-01-12 12:00:00,2020-01-12 12:00:00,2018-01-12 12:00:00
8,2019-01-14 00:00:00,2020-01-14 00:00:00,2019-01-14 12:00:00,2019-01-14 12:00:00,2019-01-14 12:00:00,2015-01-14 12:00:00,2016-01-14 12:00:00,2019-01-14 12:00:00,2018-01-14 12:00:00,2019-01-14 12:00:00,2020-01-14 12:00:00,2020-01-14 12:00:00,2020-01-14 12:00:00,2018-01-14 12:00:00
9,2019-01-16 00:00:00,2020-01-16 00:00:00,2019-01-16 12:00:00,2019-01-16 12:00:00,2019-01-16 12:00:00,2015-01-16 12:00:00,2016-01-16 12:00:00,2019-01-16 12:00:00,2018-01-16 12:00:00,2019-01-16 12:00:00,2020-01-16 12:00:00,2020-01-16 12:00:00,2020-01-16 12:00:00,2018-01-16 12:00:00
10,2019-01-18 00:00:00,2020-01-18 00:00:00,2019-01-18 12:00:00,2019-01-18 12:00:00,2019-01-18 12:00:00,2015-01-18 12:00:00,2016-01-18 12:00:00,2019-01-18 12:00:00,2018-01-18 12:00:00,2019-01-18 12:00:00,2020-01-18 12:00:00,2020-01-18 12:00:00,2020-01-18 12:00:00,2018-01-18 12:00:00
11,2019-01-20 00:00:00,2020-01-20 00:00:00,2019-01-20 12:00:00,2019-01-20 12:00:00,2019-01-20 12:00:00,2015-01-20 12:00:00,2016-01-20 12:00:00,2019-01-20 12:00:00,2018-01-20 12:00:00,2019-01-20 12:00:00,2020-01-20 12:00:00,2020-01-20 12:00:00,2020-01-20 12:00:00,2018-01-20 12:00:00
12,2019-01-22 00:00:00,2020-01-22 00:00:00,2019-01-22 12:00:00,2019-01-22 12:00:00,2019-01-22 12:00:00,2015-01-22 12:00:00,2016-01-22 12:00:00,2019-01-22 12:00:00,2018-01-22 12:00:00,2019-01-22 12:00:00,2020-01-22 12:00:00,2020-01-22 12:00:00,2020-01-22 12:00:00,2018-01-22 12:00:00
13,2019-01-24 00:00:00,2020-01-24 00:00:00,2019-01-24 12:00:00,2019-01-24 12:00:00,2019-01-24 12:00:00,2015-01-24 12:00:00,2016-01-24 12:00:00,2019-01-24 12:00:00,2018-01-24 12:00:00,2019-01-24 12:00:00,2020-01-24 12:00:00,2020-01-24 12:00:00,2020-01-24 12:00:00,2018-01-24 12:00:00
14,2019-01-26 00:00:00,2020-01-26 00:00:00,2019-01-26 12:00:00,2019-01-26 12:00:00,2019-01-26 12:00:00,2015-01-26 12:00:00,2016-01-26 12:00:00,2019-01-26 12:00:00,2018-01-26 12:00:00,2019-01-26 12:00:00,2020-01-26 12:00:00,2020-01-26 12:00:00,2020-01-26 12:00:00,2018-01-26 12:00:00
15,2019-01-28 00:00:00,2020-01-28 00:00:00,2019-01-28 12:00:00,2019-01-28 12:00:00,2019-01-28 12:00:00,2015-01-28 12:00:00,2016-01-28 12:00:00,2019-01-28 12:00:00,2018-01-28 12:00:00,2019-01-28 12:00:00,2020-01-28 12:00:00,2020-01-28 12:00:00,2020-01-28 12:00:00,2018-01-28 12:00:00
16,2020-01-31 00:00:00,2019-01-31 00:00:00,2020-01-31 12:00:00,2020-01-31 12:00:00,2020-01-31 12:00:00,2015-01-31 12:00:00,2016-01-31 12:00:00,2020-01-31 12:00:00,2016-01-31 12:00:00,2020-01-31 12:00:00,2020-01-31 12:00:00,2020-01-31 12:00:00,2019-01-31 12:00:00,2020-01-31 12:00:00
17,2020-02-02 00:00:00,2019-02-02 00:00:00,2020-02-02 12:00:00,2020-02-02 12:00:00,2020-02-02 12:00:00,2015-02-02 12:00:00,2016-02-02 12:00:00,2020-02-02 12:00:00,2016-02-02 12:00:00,2020-02-02 12:00:00,2020-02-02 12:00:00,2020-02-02 12:00:00,2019-02-02 12:00:00,2020-02-02 12:00:00
18,2020-02-04 00:00:00,2019-02-04 00:00:00,2020-02-04 12:00:00,2020-02-04 12:00:00,2020-02-04 12:00:00,2015-02-04 12:00:00,2016-02-04 12:00:00,2020-02-04 12:00:00,2016-02-04 12:00:00,2020-02-04 12:00:00,2020-02-04 12:00:00,2020-02-04 12:00:00,2019-02-04 12:00:00,2020-02-04 12:00:00
19,2020-02-06 00:00:00,2019-02-06 00:00:00,2020-02-06 12:00:00,2020-02-06 12:00:00,2020-02-06 12:00:00,2015-02-06 12:00:00,2016-02-06 12:00:00,2020-02-06 12:00:00,2016-02-06 12:00:00,2020-02-06 12:00:00,2020-02-06 12:00:00,2020-02-06 12:00:00,2019-02-06 12:00:00,2020-02-06 12:00:00
20,2020-02-08 00:00:00,2019-02-08 00:00:00,2020-02-08 12:00:00,2020-02-08 12:00:00,2020-02-08 12:00:00,2015-02-08 12:00:00,2016-02-08 12:00:00,2020-02-08 12:00:00,2016-02-08 12:00:00,2020-02-08 12:00:00,2020-02-08 12:00:00,2020-02-08 12:00:00,2019-02-08 12:00:00,2020-02-08 12:00:00
21,2020-02-10 00:00:00,2019-02-10 00:00:00,2020-02-10 12:00:00,2020-02-10 12:00:00,2020-02-10 12:00:00,2015-02-10 12:00:00,2016-02-10 12:00:00,2020-02-10 12:00:00,2016-02-10 12:00:00,2020-02-10 12:00:00,2020-02-10 12:00:00,2020-02-10 12:00:00,2019-02-10 12:00:00,2020-02-10 12:00:00
22,2020-02-12 00:00:00,2019-02-12 00:00:00,2020-02-12 12:00:00,2020-02-12 12:00:00,2020-02-12 12:00:00,2015-02-12 12:00:00,2016-02-12 12:00:00,2020-02-12 12:00:00,2016-02-12 12:00:00,2020-02-12 12:00:00,2020-02-12 12:00:00,2020-02-12 12:00:00,2019-02-12 12:00:00,2020-02-12 12:00:00
23,2020-02-14 00:00:00,2019-02-14 00:00:00,2020-02-14 12:00:00,2020-02-14 12:00:00,2020-02-14 12:00:00,2015-02-14 12:00:00,2016-02-14 12:00:00,2020-02-14 12:00:00,2016-02-14 12:00:00,2020-02-14 12:00:00,2020-02-14 12:00:00,2020-02-14 12:00:00,2019-02-14 12:00:00,2020-02-14 12:00:00
24,2020-02-16 00:00:00,2019-02-16 00:00:00,2020-02-16 12:00:00,2020-02-16 12:00:00,2020-02-16 12:00:00,2015-02-16 12:00:00,2016-02-16 12:00:00,2020-02-16 12:00:00,2016-02-16 12:00:00,2020-02-16 12:00:00,2020-02-16 12:00:00,2020-02-16 12:00:00,2019-02-16 12:00:00,2020-02-16 12:00:00
25,2020-02-18 00:00:00,2019-02-18 00:00:00,2020-02-18 12:00:00,2020-02-18 12:00:00,2020-02-18 12:00:00,2015-02-18 12:00:00,2016-02-18 12:00:00,2020-02-18 12:00:00,2016-02-18 12:00:00,2020-02-18 12:00:00,2020-02-18 12:00:00,2020-02-18 12:00:00,2019-02-18 12:00:00,2020-02-18 12:00:00
26,2020-02-20 00:00:00,2019-02-20 00:00:00,2020-02-20 12:00:00,2020-02-20 12:00:00,2020-02-20 12:00:00,2015-02-20 12:00:00,2016-02-20 12:00:00,2020-02-20 12:00:00,2016-02-20 12:00:00,2020-02-20 12:00:00,2020-02-20 12:00:00,2020-02-20 12:00:00,2019-02-20 12:00:00,2020-02-20 12:00:00
27,2020-02-22 00:00:00,2019-02-22 00:00:00,2020-02-22 12:00:00,2020-02-22 12:00:00,2020-02-22 12:00:00,2015-02-22 12:00:00,2016-02-22 12:00:00,2020-02-22 12:00:00,2016-02-22 12:00:00,2020-02-22 12:00:00,2020-02-22 12:00:00,2020-02-22 12:00:00,2019-02-22 12:00:00,2020-02-22 12:00:00
28,2020-02-24 00:00:00,2019-02-24 00:00:00,2020-02-24 12:00:00,2020-02-24 12:00:00,2020-02-24 12:00:00,2015-02-24 12:00:00,2016-02-24 12:00:00,2020-02-24 12:00:00,2016-02-24 12:00:00,2020-02-24 12:00:00,2020-02-24 12:00:00,2020-02-24 12:00:00,2019-02-24 12:00:00,2020-02-24 12:00:00
29,2020-02-26 00:00:00,2019-02-26 00:00:00,2020-02-26 12:00:00,2020-02-26 12:00:00,2020-02-26 12:00:00,2015-02-26 12:00:00,2016-02-26 12:00:00,2020-02-26 12:00:00,2016-02-26 12:00:00,2020-02-26 12:00:00,2020-02-26 12:00:00,2020-02-26 12:00:00,2019-02-26 12:00:00,2020-02-26 12:00:00
30,2018-02-28 00:00:00,2019-02-28 00:00:00,2018-02-28 12:00:00,2018-02-28 12:00:00,2018-02-28 12:00:00,2015-02-28 12:00:00,2016-02-29 12:00:00,2019-02-28 12:00:00,2017-02-28 12:00:00,2019-02-28 12:00:00,2019-02-28 12:00:00,2018-02-28 12:00:00,2019-02-28 12:00:00,2020-02-29 12:00:00
31,2018-03-02 00:00:00,2019-03-02 00:00:00,2018-03-02 12:00:00,2018-03-02 12:00:00,2018-03-02 12:00:00,2015-03-02 12:00:00,2016-03-02 12:00:00,2019-03-02 12:00:00,2017-03-02 12:00:00,2019-03-02 12:00:00,2019-03-02 12:00:00,2018-03-02 12:00:00,2019-03-02 12:00:00,2020-03-02 12:00:00
32,2018-03-04 00:00:00,2019-03-04 00:00:00,2018-03-04 12:00:00,2018-03-04 12:00:00,2018-03-04 12:00:00,2015-03-04 12:00:00,2016-03-04 12:00:00,2019-03-04 12:00:00,2017-03-04 12:00:00,2019-03-04 12:00:00,2019-03-04 12:00:00,2018-03-04 12:00:00,2019-03-04 12:00:00,2020-03-04 12:00:00
33,2018-03-06 00:00:00,2019-03-06 00:00:00,2018-03-06 12:00:00,2018-03-06 12:00:00,2018-03-06 12:00:00,2015-03-06 12:00:00,2016-03-06 12:00:00,2019-03-06 12:00:00,2017-03-06 12:00:00,2019-03-06 12:00:00,2019-03-06 12:00:00,2018-03-06 12:00:00,2019-03-06 12:00:00,2020-03-06 12:00:00
34,2018-03-08 00:00:00,2019-03-08 00:00:00,2018-03-08 12:00:00,2018-03-08 12:00:00,2018-03-08 12:00:00,2015-03-08 12:00:00,2016-03-08 12:00:00,2019-03-08 12:00:00,2017-03-08 12:00:00,2019-03-08 12:00:00,2019-03-08 12:00:00,2018-03-08 12:00:00,2019-03-08 12:00:00,2020-03-08 12:00:00
35,2018-03-10 00:00:00,2019-03-10 00:00:00,2018-03-10 12:00:00,2018-03-10 12:00:00,2018-03-10 12:00:00,2015-03-10 12:00:00,2016-03-10 12:00:00,2019-03-10 12:00:00,2017-03-10 12:00:00,2019-03-10 12:00:00,2019-03-10 12:00:00,2018-03-10 12:00:00,2019-03-10 12:00:00,2020-03-10 12:00:00
36,2018-03-12 00:00:00,2019-03-12 00:00:00,2018-03-12 12:00:00,2018-03-12 12:00:00,2018-03-12 12:00:00,2015-03-12 12:00:00,2016-03-12 12:00:00,2019-03-12 12:00:00,2017-03-12 12:00:00,2019-03-12 12:00:00,2019-03-12 12:00:00,2018-03-12 12:00:00,2019-03-12 12:00:00,2020-03-12 12:00:00
37,2018-03-14 00:00:00,2019-03-14 00:00:00,2018-03-14 12:00:00,2018-03-14 12:00:00,2018-03-14 12:00:00,2015-03-14 12:00:00,2016-03-14 12:00:00,2019-03-14 12:00:00,2017-03-14 12:00:00,2019-03-14 12:00:00,2019-03-14 12:00:00,2018-03-14 12:00:00,2019-03-14 12:00:00,2020-03-14 12:00:00
38,2018-03-16 00:00:00,2019-03-16 00:00:00,2018-03-16 12:00:00,2018-03-16 12:00:00,2018-03-16 12:00:00,2015-03-16 12:00:00,2016-03-16 12:00:00,2019-03-16 12:00:00,2017-03-16 12:00:00,2019-03-16 12:00:00,2019-03-16 12:00:00,2018-03-16 12:00:00,2019-03-16 12:00:00,2020-03-16 12:00:00
39,2018-03-18 00:00:00,2019-03-18 00:00:00,2018-03-18 12:00:00,2018-03-18 12:00:00,2018-03-18 12:00:00,2015-03-18 12:00:00,2016-03-18 12:00:00,2019-03-18 12:00:00,2017-03-18 12:00:00,2019-03-18 12:00:00,2019-03-18 12:00:00,2018-03-18 12:00:00,2019-03-18 12:00:00,2020-03-18 12:00:00
40,2018-03-20 00:00:00,2019-03-20 00:00:00,2018-03-20 12:00:00,2018-03-20 12:00:00,2018-03-20 12:00:00,2015-03-20 12:00:00,2016-03-20 12:00:00,2019-03-20 12:00:00,2017-03-20 12:00:00,2019-03-20 12:00:00,2019-03-20 12:00:00,2018-03-20 12:00:00,2019-03-20 12:00:00,2020-03-20 12:00:00
41,2018-03-22 00:00:00,2019-03-22 00:00:00,2018-03-22 12:00:00,2018-03-22 12:00:00,2018-03-22 12:00:00,2015-03-22 12:00:00,2016-03-22 12:00:00,2019-03-22 12:00:00,2017-03-22 12:00:00,2019-03-22 12:00:00,2019-03-22 12:00:00,2018-03-22 12:00:00,2019-03-22 12:00:00,2020-03-22 12:00:00
42,2018-03-24 00:00:00,2019-03-24 00:00:00,2018-03-24 12:00:00,2018-03-24 12:00:00,2018-03-24 12:00:00,2015-03-24 12:00:00,2016-03-24 12:00:00,2019-03-24 12:00:00,2017-03-24 12:00:00,2019-03-24 12:00:00,2019-03-24 12:00:00,2018-03-24 12:00:00,2019-03-24 12:00:00,2020-03-24 12:00:00
43,2018-03-26 00:00:00,2019-03-26 00:00:00,2018-03-26 12:00:00,2018-03-26 12:00:00,2018-03-26 12:00:00,2015-03-26 12:00:00,2016-03-26 12:00:00,2019-03-26 12:00:00,2017-03-26 12:00:00,2019-03-26 12:00:00,2019-03-26 12:00:00,2018-03-26 12:00:00,2019-03-26 12:00:00,2020-03-26 12:00:00
44,2018-03-28 00:00:00,2019-03-28 00:00:00,2018-03-28 12:00:00,2018-03-28 12:00:00,2018-03-28 12:00:00,2015-03-28 12:00:00,2016-03-28 12:00:00,2019-03-28 12:00:00,2017-03-28 12:00:00,2019-03-28 12:00:00,2019-03-28 12:00:00,2018-03-28 12:00:00,2019-03-28 12:00:00,2020-03-28 12:00:00
45,2019-03-31 00:00:00,2019-03-31 00:00:00,2019-03-31 12:00:00,2019-03-31 12:00:00,2019-03-31 12:00:00,2015-03-31 12:00:00,2016-03-31 12:00:00,2019-03-31 12:00:00,2017-03-31 12:00:00,2019-03-31 12:00:00,2019-03-31 12:00:00,2020-03-31 12:00:00,2019-03-31 12:00:00,2019-03-31 12:00:00
46,2019-04-02 00:00:00,2019-04-02 00:00:00,2019-04-02 12:00:00,2019-04-02 12:00:00,2019-04-02 12:00:00,2015-04-02 12:00:00,2016-04-02 12:00:00,2019-04-02 12:00:00,2017-04-02 12:00:00,2019-04-02 12:00:00,2019-04-02 12:00:00,2020-04-02 12:00:00,2019-04-02 12:00:00,2019-04-02 12:00:00
47,2019-04-04 00:00:00,2019-04-04 00:00:00,2019-04-04 12:00:00,2019-04-04 12:00:00,2019-04-04 12:00:00,2015-04-04 12:00:00,2016-04-04 12:00:00,2019-04-04 12:00:00,2017-04-04 12:00:00,2019-04-04 12:00:00,2019-04-04 12:00:00,2020-04-04 12:00:00,2019-04-04 12:00:00,2019-04-04 12:00:00
48,2019-04-06 00:00:00,2019-04-06 00:00:00,2019-04-06 12:00:00,2019-04-06 12:00:00,2019-04-06 12:00:00,2015-04-06 12:00:00,2016-04-06 12:00:00,2019-04-06 12:00:00,2017-04-06 12:00:00,2019-04-06 12:00:00,2019-04-06 12:00:00,2020-04-06 12:00:00,2019-04-06 12:00:00,2019-04-06 12:00:00
49,2019-04-08 00:00:00,2019-04-08 00:00:00,2019-04-08 12:00:00,2019-04-08 12:00:00,2019-04-08 12:00:00,2015-04-08 12:00:00,2016-04-08 12:00:00,2019-04-08 12:00:00,2017-04-08 12:00:00,2019-04-08 12:00:00,2019-04-08 12:00:00,2020-04-08 12:00:00,2019-04-08 12:00:00,2019-04-08 12:00:00
50,2019-04-10 00:00:00,2019-04-10 00:00:00,2019-04-10 12:00:00,2019-04-10 12:00:00,2019-04-10 12:00:00,2015-04-10 12:00:00,2016-04-10 12:00:00,2019-04-10 12:00:00,2017-04-10 12:00:00,2019-04-10 12:00:00,2019-04-10 12:00:00,2020-04-10 12:00:00,2019-04-10 12:00:00,2019-04-10 12:00:00
51,2019-04-12 00:00:00,2019-04-12 00:00:00,2019-04-12 12:00:00,2019-04-12 12:00:00,2019-04-12 12:00:00,2015-04-12 12:00:00,2016-04-12 12:00:00,2019-04-12 12:00:00,2017-04-12 12:00:00,2019-04-12 12:00:00,2019-04-12 12:00:00,2020-04-12 12:00:00,2019-04-12 12:00:00,2019-04-12 12:00:00
52,2019-04-14 00:00:00,2019-04-14 00:00:00,2019-04-14 12:00:00,2019-04-14 12:00:00,2019-04-14 12:00:00,2015-04-14 12:00:00,2016-04-14 12:00:00,2019-04-14 12:00:00,2017-04-14 12:00:00,2019-04-14 12:00:00,2019-04-14 12:00:00,2020-04-14 12:00:00,2019-04-14 12:00:00,2019-04-14 12:00:00
53,2019-04-16 00:00:00,2019-04-16 00:00:00,2019-04-16 12:00:00,2019-04-16 12:00:00,2019-04-16 12:00:00,2015-04-16 12:00:00,2016-04-16 12:00:00,2019-04-16 12:00:00,2017-04-16 12:00:00,2019-04-16 12:00:00,2019-04-16 12:00:00,2020-04-16 12:00:00,2019-04-16 12:00:00,2019-04-16 12:00:00
54,2019-04-18 00:00:00,2019-04-18 00:00:00,2019-04-18 12:00:00,2019-04-18 12:00:00,2019-04-18 12:00:00,2015-04-18 12:00:00,2016-04-18 12:00:00,2019-04-18 12:00:00,2017-04-18 12:00:00,2019-04-18 12:00:00,2019-04-18 12:00:00,2020-04-18 12:00:00,2019-04-18 12:00:00,2019-04-18 12:00:00
55,2019-04-20 00:00:00,2019-04-20 00:00:00,2019-04-20 12:00:00,2019-04-20 12:00:00,2019-04-20 12:00:00,2015-04-20 12:00:00,2016-04-20 12:00:00,2019-04-20 12:00:00,2017-04-20 12:00:00,2019-04-20 12:00:00,2019-04-20 12:00:00,2020-04-20 12:00:00,2019-04-20 12:00:00,2019-04-20 12:00:00
56,2019-04-22 00:00:00,2019-04-22 00:00:00,2019-04-22 12:00:00,2019-04-22 12:00:00,2019-04-22 12:00:00,2015-04-22 12:00:00,2016-04-22 12:00:00,2019-04-22 12:00:00,2017-04-22 12:00:00,2019-04-22 12:00:00,2019-04-22 12:00:00,2020-04-22 12:00:00,2019-04-22 12:00:00,2019-04-22 12:00:00
57,2019-04-24 00:00:00,2019-04-24 00:00:00,2019-04-24 12:00:00,2019-04-24 12:00:00,2019-04-24 12:00:00,2015-04-24 12:00:00,2016-04-24 12:00:00,2019-04-24 12:00:00,2017-04-24 12:00:00,2019-04-24 12:00:00,2019-04-24 12:00:00,2020-04-24 12:00:00,2019-04-24 12:00:00,2019-04-24 12:00:00
58,2019-04-26 00:00:00,2019-04-26 00:00:00,2019-04-26 12:00:00,2019-04-26 12:00:00,2019-04-26 12:00:00,2015-04-26 12:00:00,2016-04-26 12:00:00,2019-04-26 12:00:00,2017-04-26 12:00:00,2019-04-26 12:00:00,2019-04-26 12:00:00,2020-04-26 12:00:00,2019-04-26 12:00:00,2019-04-26 12:00:00
59,2019-04-28 00:00:00,2019-04-28 00:00:00,2019-04-28 12:00:00,2019-04-28 12:00:00,2019-04-28 12:00:00,2015-04-28 12:00:00,2016-04-28 12:00:00,2019-04-28 12:00:00,2017-04-28 12:00:00,2019-04-28 12:00:00,2019-04-28 12:00:00,2020-04-28 12:00:00,2019-04-28 12:00:00,2019-04-28 12:00:00
60,2019-04-30 00:00:00,2019-04-30 00:00:00,2019-04-30 12:00:00,2019-04-30 12:00:00,2019-04-30 12:00:00,2015-04-30 12:00:00,2016-04-30 12:00:00,2020-04-30 12:00:00,2018-04-30 12:00:00,2020-04-30 12:00:00,2018-04-30 12:00:00,2018-04-30 12:00:00,2019-04-30 12:00:00,2021-04-30 12:00:00
61,2019-05-02 00:00:00,2019-05-02 00:00:00,2019-05-02 12:00:00,2019-05-02 12:00:00,2019-05-02 12:00:00,2015-05-02 12:00:00,2016-05-02 12:00:00,2020-05-02 12:00:00,2018-05-02 12:00:00,2020-05-02 12:00:00,2018-05-02 12:00:00,2018-05-02 12:00:00,2019-05-02 12:00:00,2021-05-02 12:00:00
62,2019-05-04 00:00:00,2019-05-04 00:00:00,2019-05-04 12:00:00,2019-05-04 12:00:00,2019-05-04 12:00:00,2015-05-04 12:00:00,2016-05-04 12:00:00,2020-05-04 12:00:00,2018-05-04 12:00:00,2020-05-04 12:00:00,2018-05-04 12:00:00,2018-05-04 12:00:00,2019-05-04 12:00:00,2021-05-04 12:00:00
63,2019-05-06 00:00:00,2019-05-06 00:00:00,2019-05-06 12:00:00,2019-05-06 12:00:00,2019-05-06 12:00:00,2015-05-06 12:00:00,2016-05-06 12:00:00,2020-05-06 12:00:00,2018-05-06 12:00:00,2020-05-06 12:00:00,2018-05-06 12:00:00,2018-05-06 12:00:00,2019-05-06 12:00:00,2021-05-06 12:00:00
64,2019-05-08 00:00:00,2019-05-08 00:00:00,2019-05-08 12:00:00,2019-05-08 12:00:00,2019-05-08 12:00:00,2015-05-08 12:00:00,2016-05-08 12:00:00,2020-05-08 12:00:00,2018-05-08 12:00:00,2020-05-08 12:00:00,2018-05-08 12:00:00,2018-05-08 12:00:00,2019-05-08 12:00:00,2021-05-08 12:00:00
65,2019-05-10 00:00:00,2019-05-10 00:00:00,2019-05-10 12:00:00,2019-05-10 12:00:00,2019-05-10 12:00:00,2015-05-10 12:00:00,2016-05-10 12:00:00,2020-05-10 12:00:00,2018-05-10 12:00:00,2020-05-10 12:00:00,2018-05-10 12:00:00,2018-05-10 12:00:00,2019-05-10 12:00:00,2021-05-10 12:00:00
66,2019-05-12 00:00:00,2019-05-12 00:00:00,2019-05-12 12:00:00,2019-05-12 12:00:00,2019-05-12 12:00:00,2015-05-12 12:00:00,2016-05-12 12:00:00,2020-05-12 12:00:00,2018-05-12 12:00:00,2020-05-12 12:00:00,2018-05-12 12:00:00,2018-05-12 12:00:00,2019-05-12 12:00:00,2021-05-12 12:00:00
67,2019-05-14 00:00:00,2019-05-14 00:00:00,2019-05-14 12:00:00,2019-05-14 12:00:00,2019-05-14 12:00:00,2015-05-14 12:00:00,2016-05-14 12:00:00,2020-05-14 12:00:00,2018-05-14 12:00:00,2020-05-14 12:00:00,2018-05-14 12:00:00,2018-05-14 12:00:00,2019-05-14 12:00:00,2021-05-14 12:00:00
68,2019-05-16 00:00:00,2019-05-16 00:00:00,2019-05-16 12:00:00,2019-05-16 12:00:00,2019-05-16 12:00:00,2015-05-16 12:00:00,2016-05-16 12:00:00,2020-05-16 12:00:00,2018-05-16 12:00:00,2020-05-16 12:00:00,2018-05-16 12:00:00,2018-05-16 12:00:00,2019-05-16 12:00:00,2021-05-16 12:00:00
69,2019-05-18 00:00:00,2019-05-18 00:00:00,2019-05-18 12:00:00,2019-05-18 12:00:00,2019-05-18 12:00:00,2015-05-18 12:00:00,2016-05-18 12:00:00,2020-05-18 12:00:00,2018-05-18 12:00:00,2020-05-18 12:00:00,2018-05-18 12:00:00,2018-05-18 12:00:00,2019-05-18 12:00:00,2021-05-18 12:00:00
70,2019-05-20 00:00:00,2019-05-20 00:00:00,2019-05-20 12:00:00,2019-05-20 12:00:00,2019-05-20 12:00:00,2015-05-20 12:00:00,2016-05-20 12:00:00,2020-05-20 12:00:00,2018-05-20 12:00:00,2020-05-20 12:00:00,2018-05-20 12:00:00,2018-05-20 12:00:00,2019-05-20 12:00:00,2021-05-20 12:00:00
71,2019-05-22 00:00:00,2019-05-22 00:00:00,2019-05-22 12:00:00,2019-05-22 12:00:00,2019-05-22 12:00:00,2015-05-22 12:00:00,2016-05-22 12:00:00,2020-05-22 12:00:00,2018-05-22 12:00:00,2020-05-22 12:00:00,2018-05-22 12:00:00,2018-05-22 12:00:00,2019-05-22 12:00:00,2021-05-22 12:00:00
72,2019-05-24 00:00:00,2019-05-24 00:00:00,2019-05-24 12:00:00,2019-05-24 12:00:00,2019-05-24 12:00:00,2015-05-24 12:00:00,2016-05-24 12:00:00,2020-05-24 12:00:00,2018-05-24 12:00:00,2020-05-24 12:00:00,2018-05-24 12:00:00,2018-05-24 12:00:00,2019-05-24 12:00:00,2021-05-24 12:00:00
73,2019-05-26 00:00:00,2019-05-26 00:00:00,2019-05-26 12:00:00,2019-05-26 12:00:00,2019-05-26 12:00:00,2015-05-26 12:00:00,2016-05-26 12:00:00,2020-05-26 12:00:00,2018-05-26 12:00:00,2020-05-26 12:00:00,2018-05-26 12:00:00,2018-05-26 12:00:00,2019-05-26 12:00:00,2021-05-26 12:00:00
74,2019-05-28 00:00:00,2019-05-28 00:00:00,2019-05-28 12:00:00,2019-05-28 12:00:00,2019-05-28 12:00:00,2015-05-28 12:00:00,2016-05-28 12:00:00,2020-05-28 12:00:00,2018-05-28 12:00:00,2020-05-28 12:00:00,2018-05-28 12:00:00,2018-05-28 12:00:00,2019-05-28 12:00:00,2021-05-28 12:00:00
75,2019-05-31 00:00:00,2019-05-31 00:00:00,2020-05-31 12:00:00,2020-05-31 12:00:00,2020-05-31 12:00:00,2015-05-31 12:00:00,2016-05-31 12:00:00,2020-05-31 12:00:00,2016-05-31 12:00:00,2020-05-31 12:00:00,2021-05-31 12:00:00,2019-05-31 12:00:00,2019-05-31 12:00:00,2020-05-31 12:00:00
76,2019-06-02 00:00:00,2019-06-02 00:00:00,2020-06-02 12:00:00,2020-06-02 12:00:00,2020-06-02 12:00:00,2015-06-02 12:00:00,2016-06-02 12:00:00,2020-06-02 12:00:00,2016-06-02 12:00:00,2020-06-02 12:00:00,2021-06-02 12:00:00,2019-06-02 12:00:00,2019-06-02 12:00:00,2020-06-02 12:00:00
77,2019-06-04 00:00:00,2019-06-04 00:00:00,2020-06-04 12:00:00,2020-06-04 12:00:00,2020-06-04 12:00:00,2015-06-04 12:00:00,2016-06-04 12:00:00,2020-06-04 12:00:00,2016-06-04 12:00:00,2020-06-04 12:00:00,2021-06-04 12:00:00,2019-06-04 12:00:00,2019-06-04 12:00:00,2020-06-04 12:00:00
78,2019-06-06 00:00:00,2019-06-06 00:00:00,2020-06-06 12:00:00,2020-06-06 12:00:00,2020-06-06 12:00:00,2015-06-06 12:00:00,2016-06-06 12:00:00,2020-06-06 12:00:00,2016-06-06 12:00:00,2020-06-06 12:00:00,2021-06-06 12:00:00,2019-06-06 12:00:00,2019-06-06 12:00:00,2020-06-06 12:00:00
79,2019-06-08 00:00:00,2019-06-08 00:00:00,2020-06-08 12:00:00,2020-06-08 12:00:00,2020-06-08 12:00:00,2015-06-08 12:00:00,2016-06-08 12:00:00,2020-06-08 12:00:00,2016-06-08 12:00:00,2020-06-08 12:00:00,2021-06-08 12:00:00,2019-06-08 12:00:00,2019-06-08 12:00:00,2020-06-08 12:00:00
80,2019-06-10 00:00:00,2019-06-10 00:00:00,2020-06-10 12:00:00,2020-06-10 12:00:00,2020-06-10 12:00:00,2015-06-10 12:00:00,2016-06-10 12:00:00,2020-06-10 12:00:00,2016-06-10 12:00:00,2020-06-10 12:00:00,2021-06-10 12:00:00,2019-06-10 12:00:00,2019-06-10 12:00:00,2020-06-10 12:00:00
81,2019-06-12 00:00:00,2019-06-12 00:00:00,2020-06-12 12:00:00,2020-06-12 12:00:00,2020-06-12 12:00:00,2015-06-12 12:00:00,2016-06-12 12:00:00,2020-06-12 12:00:00,2016-06-12 12:00:00,2020-06-12 12:00:00,2021-06-12 12:00:00,2019-06-12 12:00:00,2019-06-12 12:00:00,2020-06-12 12:00:00
82,2019-06-14 00:00:00,2019-06-14 00:00:00,2020-06-14 12:00:00,2020-06-14 12:00:00,2020-06-14 12:00:00,2015-06-14 12:00:00,2016-06-14 12:00:00,2020-06-14 12:00:00,2016-06-14 12:00:00,2020-06-14 12:00:00,2021-06-14 12:00:00,2019-06-14 12:00:00,2019-06-14 12:00:00,2020-06-14 12:00:00
83,2019-06-16 00:00:00,2019-06-16 00:00:00,2020-06-16 12:00:00,2020-06-16 12:00:00,2020-06-16 12:00:00,2015-06-16 12:00:00,2016-06-16 12:00:00,2020-06-16 12:00:00,2016-06-16 12:00:00,2020-06-16 12:00:00,2021-06-16 12:00:00,2019-06-16 12:00:00,2019-06-16 12:00:00,2020-06-16 12:00:00
84,2019-06-18 00:00:00,2019-06-18 00:00:00,2020-06-18 12:00:00,2020-06-18 12:00:00,2020-06-18 12:00:00,2015-06-18 12:00:00,2016-06-18 12:00:00,2020-06-18 12:00:00,2016-06-18 12:00:00,2020-06-18 12:00:00,2021-06-18 12:00:00,2019-06-18 12:00:00,2019-06-18 12:00:00,2020-06-18 12:00:00
85,2019-06-20 00:00:00,2019-06-20 00:00:00,2020-06-20 12:00:00,2020-06-20 12:00:00,2020-06-20 12:00:00,2015-06-20 12:00:00,2016-06-20 12:00:00,2020-06-20 12:00:00,2016-06-20 12:00:00,2020-06-20 12:00:00,2021-06-20 12:00:00,2019-06-20 12:00:00,2019-06-20 12:00:00,2020-06-20 12:00:00
86,2019-06-22 00:00:00,2019-06-22 00:00:00,2020-06-22 12:00:00,2020-06-22 12:00:00,2020-06-22 12:00:00,2015-06-22 12:00:00,2016-06-22 12:00:00,2020-06-22 12:00:00,2016-06-22 12:00:00,2020-06-22 12:00:00,2021-06-22 12:00:00,2019-06-22 12:00:00,2019-06-22 12:00:00,2020-06-22 12:00:00
87,2019-06-24 00:00:00,2019-06-24 00:00:00,2020-06-24 12:00:00,2020-06-24 12:00:00,2020-06-24 12:00:00,2015-06-24 12:00:00,2016-06-24 12:00:00,2020-06-24 12:00:00,2016-06-24 12:00:00,2020-06-24 12:00:00,2021-06-24 12:00:00,2019-06-24 12:00:00,2019-06-24 12:00:00,2020-06-24 12:00:00
88,2019-06-26 00:00:00,2019-06-26 00:00:00,2020-06-26 12:00:00,2020-06-26 12:00:00,2020-06-26 12:00:00,2015-06-26 12:00:00,2016-06-26 12:00:00,2020-06-26 12:00:00,2016-06-26 12:00:00,2020-06-26 12:00:00,2021-06-26 12:00:00,2019-06-26 12:00:00,2019-06-26 12:00:00,2020-06-26 12:00:00
89,2019-06-28 00:00:00,2019-06-28 00:00:00,2020-06-28 12:00:00,2020-06-28 12:00:00,2020-06-28 12:00:00,2015-06-28 12:00:00,2016-06-28 12:00:00,2020-06-28 12:00:00,2016-06-28 12:00:00,2020-06-28 12:00:00,2021-06-28 12:00:00,2019-06-28 12:00:00,2019-06-28 12:00:00,2020-06-28 12:00:00
90,2020-06-30 00:00:00,2020-06-30 00:00:00,2020-06-30 12:00:00,2020-06-30 12:00:00,2020-06-30 12:00:00,2015-06-30 12:00:00,2016-06-30 12:00:00,2020-06-30 12:00:00,2016-06-30 12:00:00,2020-06-30 12:00:00,2019-06-30 12:00:00,2020-06-30 12:00:00,2020-06-30 12:00:00,2019-06-30 12:00:00
91,2020-07-02 00:00:00,2020-07-02 00:00:00,2020-07-02 12:00:00,2020-07-02 12:00:00,2020-07-02 12:00:00,2015-07-02 12:00:00,2016-07-02 12:00:00,2020-07-02 12:00:00,2016-07-02 12:00:00,2020-07-02 12:00:00,2019-07-02 12:00:00,2020-07-02 12:00:00,2020-07-02 12:00:00,2019-07-02 12:00:00
92,2020-07-04 00:00:00,2020-07-04 00:00:00,2020-07-04 12:00:00,2020-07-04 12:00:00,2020-07-04 12:00:00,2015-07-04 12:00:00,2016-07-04 12:00:00,2020-07-04 12:00:00,2016-07-04 12:00:00,2020-07-04 12:00:00,2019-07-04 12:00:00,2020-07-04 12:00:00,2020-07-04 12:00:00,2019-07-04 12:00:00
93,2020-07-06 00:00:00,2020-07-06 00:00:00,2020-07-06 12:00:00,2020-07-06 12:00:00,2020-07-06 12:00:00,2015-07-06 12:00:00,2016-07-06 12:00:00,2020-07-06 12:00:00,2016-07-06 12:00:00,2020-07-06 12:00:00,2019-07-06 12:00:00,2020-07-06 12:00:00,2020-07-06 12:00:00,2019-07-06 12:00:00
94,2020-07-08 00:00:00,2020-07-08 00:00:00,2020-07-08 12:00:00,2020-07-08 12:00:00,2020-07-08 12:00:00,2015-07-08 12:00:00,2016-07-08 12:00:00,2020-07-08 12:00:00,2016-07-08 12:00:00,2020-07-08 12:00:00,2019-07-08 12:00:00,2020-07-08 12:00:00,2020-07-08 12:00:00,2019-07-08 12:00:00
95,2020-07-10 00:00:00,2020-07-10 00:00:00,2020-07-10 12:00:00,2020-07-10 12:00:00,2020-07-10 12:00:00,2015-07-10 12:00:00,2016-07-10 12:00:00,2020-07-10 12:00:00,2016-07-10 12:00:00,2020-07-10 12:00:00,2019-07-10 12:00:00,2020-07-10 12:00:00,2020-07-10 12:00:00,2019-07-10 12:00:00
96,2020-07-12 00:00:00,2020-07-12 00:00:00,2020-07-12 12:00:00,2020-07-12 12:00:00,2020-07-12 12:00:00,2015-07-12 12:00:00,2016-07-12 12:00:00,2020-07-12 12:00:00,2016-07-12 12:00:00,2020-07-12 12:00:00,2019-07-12 12:00:00,2020-07-12 12:00:00,2020-07-12 12:00:00,2019-07-12 12:00:00
97,2020-07-14 00:00:00,2020-07-14 00:00:00,2020-07-14 12:00:00,2020-07-14 12:00:00,2020-07-14 12:00:00,2015-07-14 12:00:00,2016-07-14 12:00:00,2020-07-14 12:00:00,2016-07-14 12:00:00,2020-07-14 12:00:00,2019-07-14 12:00:00,2020-07-14 12:00:00,2020-07-14 12:00:00,2019-07-14 12:00:00
98,2020-07-16 00:00:00,2020-07-16 00:00:00,2020-07-16 12:00:00,2020-07-16 12:00:00,2020-07-16 12:00:00,2015-07-16 12:00:00,2016-07-16 12:00:00,2020-07-16 12:00:00,2016-07-16 12:00:00,2020-07-16 12:00:00,2019-07-16 12:00:00,2020-07-16 12:00:00,2020-07-16 12:00:00,2019-07-16 12:00:00
99,2020-07-18 00:00:00,2020-07-18 00:00:00,2020-07-18 12:00:00,2020-07-18 12:00:00,2020-07-18 12:00:00,2015-07-18 12:00:00,2016-07-18 12:00:00,2020-07-18 12:00:00,2016-07-18 12:00:00,2020-07-18 12:00:00,2019-07-18 12:00:00,2020-07-18 12:00:00,2020-07-18 12:00:00,2019-07-18 12:00:00
100,2020-07-20 00:00:00,2020-07-20 00:00:00,2020-07-20 12:00:00,2020-07-20 12:00:00,2020-07-20 12:00:00,2015-07-20 12:00:00,2016-07-20 12:00:00,2020-07-20 12:00:00,2016-07-20 12:00:00,2020-07-20 12:00:00,2019-07-20 12:00:00,2020-07-20 12:00:00,2020-07-20 12:00:00,2019-07-20 12:00:00
101,2020-07-22 00:00:00,2020-07-22 00:00:00,2020-07-22 12:00:00,2020-07-22 12:00:00,2020-07-22 12:00:00,2015-07-22 12:00:00,2016-07-22 12:00:00,2020-07-22 12:00:00,2016-07-22 12:00:00,2020-07-22 12:00:00,2019-07-22 12:00:00,2020-07-22 12:00:00,2020-07-22 12:00:00,2019-07-22 12:00:00
102,2020-07-24 00:00:00,2020-07-24 00:00:00,2020-07-24 12:00:00,2020-07-24 12:00:00,2020-07-24 12:00:00,2015-07-24 12:00:00,2016-07-24 12:00:00,2020-07-24 12:00:00,2016-07-24 12:00:00,2020-07-24 12:00:00,2019-07-24 12:00:00,2020-07-24 12:00:00,2020-07-24 12:00:00,2019-07-24 12:00:00
103,2020-07-26 00:00:00,2020-07-26 00:00:00,2020-07-26 12:00:00,2020-07-26 12:00:00,2020-07-26 12:00:00,2015-07-26 12:00:00,2016-07-26 12:00:00,2020-07-26 12:00:00,2016-07-26 12:00:00,2020-07-26 12:00:00,2019-07-26 12:00:00,2020-07-26 12:00:00,2020-07-26 12:00:00,2019-07-26 12:00:00
104,2020-07-28 00:00:00,2020-07-28 00:00:00,2020-07-28 12:00:00,2020-07-28 12:00:00,2020-07-28 12:00:00,2015-07-28 12:00:00,2016-07-28 12:00:00,2020-07-28 12:00:00,2016-07-28 12:00:00,2020-07-28 12:00:00,2019-07-28 12:00:00,2020-07-28 12:00:00,2020-07-28 12:00:00,2019-07-28 12:00:00
105,2019-07-31 00:00:00,2020-07-31 00:00:00,2020-07-31 12:00:00,2020-07-31 12:00:00,2020-07-31 12:00:00,2015-07-31 12:00:00,2016-07-31 12:00:00,2018-07-31 12:00:00,2019-07-31 12:00:00,2018-07-31 12:00:00,2019-07-31 12:00:00,2019-07-31 12:00:00,2020-07-31 12:00:00,2018-07-31 12:00:00
106,2019-08-02 00:00:00,2020-08-02 00:00:00,2020-08-02 12:00:00,2020-08-02 12:00:00,2020-08-02 12:00:00,2015-08-02 12:00:00,2016-08-02 12:00:00,2018-08-02 12:00:00,2019-08-02 12:00:00,2018-08-02 12:00:00,2019-08-02 12:00:00,2019-08-02 12:00:00,2020-08-02 12:00:00,2018-08-02 12:00:00
107,2019-08-04 00:00:00,2020-08-04 00:00:00,2020-08-04 12:00:00,2020-08-04 12:00:00,2020-08-04 12:00:00,2015-08-04 12:00:00,2016-08-04 12:00:00,2018-08-04 12:00:00,2019-08-04 12:00:00,2018-08-04 12:00:00,2019-08-04 12:00:00,2019-08-04 12:00:00,2020-08-04 12:00:00,2018-08-04 12:00:00
108,2019-08-06 00:00:00,2020-08-06 00:00:00,2020-08-06 12:00:00,2020-08-06 12:00:00,2020-08-06 12:00:00,2015-08-06 12:00:00,2016-08-06 12:00:00,2018-08-06 12:00:00,2019-08-06 12:00:00,2018-08-06 12:00:00,2019-08-06 12:00:00,2019-08-06 12:00:00,2020-08-06 12:00:00,2018-08-06 12:00:00
109,2019-08-08 00:00:00,2020-08-08 00:00:00,2020-08-08 12:00:00,2020-08-08 12:00:00,2020-08-08 12:00:00,2015-08-08 12:00:00,2016-08-08 12:00:00,2018-08-08 12:00:00,2019-08-08 12:00:00,2018-08-08 12:00:00,2019-08-08 12:00:00,2019-08-08 12:00:00,2020-08-08 12:00:00,2018-08-08 12:00:00
110,2019-08-10 00:00:00,2020-08-10 00:00:00,2020-08-10 12:00:00,2020-08-10 12:00:00,2020-08-10 12:00:00,2015-08-10 12:00:00,2016-08-10 12:00:00,2018-08-10 12:00:00,2019-08-10 12:00:00,2018-08-10 12:00:00,2019-08-10 12:00:00,2019-08-10 12:00:00,2020-08-10 12:00:00,2018-08-10 12:00:00
111,2019-08-12 00:00:00,2020-08-12 00:00:00,2020-08-12 12:00:00,2020-08-12 12:00:00,2020-08-12 12:00:00,2015-08-12 12:00:00,2016-08-12 12:00:00,2018-08-12 12:00:00,2019-08-12 12:00:00,2018-08-12 12:00:00,2019-08-12 12:00:00,2019-08-12 12:00:00,2020-08-12 12:00:00,2018-08-12 12:00:00
112,2019-08-14 00:00:00,2020-08-14 00:00:00,2020-08-14 12:00:00,2020-08-14 12:00:00,2020-08-14 12:00:00,2015-08-14 12:00:00,2016-08-14 12:00:00,2018-08-14 12:00:00,2019-08-14 12:00:00,2018-08-14 12:00:00,2019-08-14 12:00:00,2019-08-14 12:00:00,2020-08-14 12:00:00,2018-08-14 12:00:00
113,2019-08-16 00:00:00,2020-08-16 00:00:00,2020-08-16 12:00:00,2020-08-16 12:00:00,2020-08-16 12:00:00,2015-08-16 12:00:00,2016-08-16 12:00:00,2018-08-16 12:00:00,2019-08-16 12:00:00,2018-08-16 12:00:00,2019-08-16 12:00:00,2019-08-16 12:00:00,2020-08-16 12:00:00,2018-08-16 12:00:00
114,2019-08-18 00:00:00,2020-08-18 00:00:00,2020-08-18 12:00:00,2020-08-18 12:00:00,2020-08-18 12:00:00,2015-08-18 12:00:00,2016-08-18 12:00:00,2018-08-18 12:00:00,2019-08-18 12:00:00,2018-08-18 12:00:00,2019-08-18 12:00:00,2019-08-18 12:00:00,2020-08-18 12:00:00,2018-08-18 12:00:00
115,2019-08-20 00:00:00,2020-08-20 00:00:00,2020-08-20 12:00:00,2020-08-20 12:00:00,2020-08-20 12:00:00,2015-08-20 12:00:00,2016-08-20 12:00:00,2018-08-20 12:00:00,2019-08-20 12:00:00,2018-08-20 12:00:00,2019-08-20 12:00:00,2019-08-20 12:00:00,2020-08-20 12:00:00,2018-08-20 12:00:00
116,2019-08-22 00:00:00,2020-08-22 00:00:00,2020-08-22 12:00:00,2020-08-22 12:00:00,2020-08-22 12:00:00,2015-08-22 12:00:00,2016-08-22 12:00:00,2018-08-22 12:00:00,2019-08-22 12:00:00,2018-08-22 12:00:00,2019-08-22 12:00:00,2019-08-22 12:00:00,2020-08-22 12:00:00,2018-08-22 12:00:00
117,2019-08-24 00:00:00,2020-08-24 00:00:00,2020-08-24 12:00:00,2020-08-24 12:00:00,2020-08-24 12:00:00,2015-08-24 12:00:00,2016-08-24 12:00:00,2018-08-24 12:00:00,2019-08-24 12:00:00,2018-08-24 12:00:00,2019-08-24 12:00:00,2019-08-24 12:00:00,2020-08-24 12:00:00,2018-08-24 12:00:00
118,2019-08-26 00:00:00,2020-08-26 00:00:00,2020-08-26 12:00:00,2020-08-26 12:00:00,2020-08-26 12:00:00,2015-08-26 12:00:00,2016-08-26 12:00:00,2018-08-26 12:00:00,2019-08-26 12:00:00,2018-08-26 12:00:00,2019-08-26 12:00:00,2019-08-26 12:00:00,2020-08-26 12:00:00,2018-08-26 12:00:00
119,2019-08-28 00:00:00,2020-08-28 00:00:00,2020-08-28 12:00:00,2020-08-28 12:00:00,2020-08-28 12:00:00,2015-08-28 12:00:00,2016-08-28 12:00:00,2018-08-28 12:00:00,2019-08-28 12:00:00,2018-08-28 12:00:00,2019-08-28 12:00:00,2019-08-28 12:00:00,2020-08-28 12:00:00,2018-08-28 12:00:00
120,2018-08-31 00:00:00,2018-08-31 00:00:00,2020-08-31 12:00:00,2020-08-31 12:00:00,2020-08-31 12:00:00,2015-08-31 12:00:00,2016-08-31 12:00:00,2021-08-31 12:00:00,2020-08-31 12:00:00,2021-08-31 12:00:00,2018-08-31 12:00:00,2018-08-31 12:00:00,2018-08-31 12:00:00,2021-08-31 12:00:00
121,2018-09-02 00:00:00,2018-09-02 00:00:00,2020-09-02 12:00:00,2020-09-02 12:00:00,2020-09-02 12:00:00,2015-09-02 12:00:00,2016-09-02 12:00:00,2021-09-02 12:00:00,2020-09-02 12:00:00,2021-09-02 12:00:00,2018-09-02 12:00:00,2018-09-02 12:00:00,2018-09-02 12:00:00,2021-09-02 12:00:00
122,2018-09-04 00:00:00,2018-09-04 00:00:00,2020-09-04 12:00:00,2020-09-04 12:00:00,2020-09-04 12:00:00,2015-09-04 12:00:00,2016-09-04 12:00:00,2021-09-04 12:00:00,2020-09-04 12:00:00,2021-09-04 12:00:00,2018-09-04 12:00:00,2018-09-04 12:00:00,2018-09-04 12:00:00,2021-09-04 12:00:00
123,2018-09-06 00:00:00,2018-09-06 00:00:00,2020-09-06 12:00:00,2020-09-06 12:00:00,2020-09-06 12:00:00,2015-09-06 12:00:00,2016-09-06 12:00:00,2021-09-06 12:00:00,2020-09-06 12:00:00,2021-09-06 12:00:00,2018-09-06 12:00:00,2018-09-06 12:00:00,2018-09-06 12:00:00,2021-09-06 12:00:00
124,2018-09-08 00:00:00,2018-09-08 00:00:00,2020-09-08 12:00:00,2020-09-08 12:00:00,2020-09-08 12:00:00,2015-09-08 12:00:00,2016-09-08 12:00:00,2021-09-08 12:00:00,2020-09-08 12:00:00,2021-09-08 12:00:00,2018-09-08 12:00:00,2018-09-08 12:00:00,2018-09-08 12:00:00,2021-09-08 12:00:00
125,2018-09-10 00:00:00,2018-09-10 00:00:00,2020-09-10 12:00:00,2020-09-10 12:00:00,2020-09-10 12:00:00,2015-09-10 12:00:00,2016-09-10 12:00:00,2021-09-10 12:00:00,2020-09-10 12:00:00,2021-09-10 12:00:00,2018-09-10 12:00:00,2018-09-10 12:00:00,2018-09-10 12:00:00,2021-09-10 12:00:00
126,2018-09-12 00:00:00,2018-09-12 00:00:00,2020-09-12 12:00:00,2020-09-12 12:00:00,2020-09-12 12:00:00,2015-09-12 12:00:00,2016-09-12 12:00:00,2021-09-12 12:00:00,2020-09-12 12:00:00,2021-09-12 12:00:00,2018-09-12 12:00:00,2018-09-12 12:00:00,2018-09-12 12:00:00,2021-09-12 12:00:00
127,2018-09-14 00:00:00,2018-09-14 00:00:00,2020-09-14 12:00:00,2020-09-14 12:00:00,2020-09-14 12:00:00,2015-09-14 12:00:00,2016-09-14 12:00:00,2021-09-14 12:00:00,2020-09-14 12:00:00,2021-09-14 12:00:00,2018-09-14 12:00:00,2018-09-14 12:00:00,2018-09-14 12:00:00,2021-09-14 12:00:00
128,2018-09-16 00:00:00,2018-09-16 00:00:00,2020-09-16 12:00:00,2020-09-16 12:00:00,2020-09-16 12:00:00,2015-09-16 12:00:00,2016-09-16 12:00:00,2021-09-16 12:00:00,2020-09-16 12:00:00,2021-09-16 12:00:00,2018-09-16 12:00:00,2018-09-16 12:00:00,2018-09-16 12:00:00,2021-09-16 12:00:00
129,2018-09-18 00:00:00,2018-09-18 00:00:00,2020-09-18 12:00:00,2020-09-18 12:00:00,2020-09-18 12:00:00,2015-09-18 12:00:00,2016-09-18 12:00:00,2021-09-18 12:00:00,2020-09-18 12:00:00,2021-09-18 12:00:00,2018-09-18 12:00:00,2018-09-18 12:00:00,2018-09-18 12:00:00,2021-09-18 12:00:00
130,2018-09-20 00:00:00,2018-09-20 00:00:00,2020-09-20 12:00:00,2020-09-20 12:00:00,2020-09-20 12:00:00,2015-09-20 12:00:00,2016-09-20 12:00:00,2021-09-20 12:00:00,2020-09-20 12:00:00,2021-09-20 12:00:00,2018-09-20 12:00:00,2018-09-20 12:00:00,2018-09-20 12:00:00,2021-09-20 12:00:00
131,2018-09-22 00:00:00,2018-09-22 00:00:00,2020-09-22 12:00:00,2020-09-22 12:00:00,2020-09-22 12:00:00,2015-09-22 12:00:00,2016-09-22 12:00:00,2021-09-22 12:00:00,2020-09-22 12:00:00,2021-09-22 12:00:00,2018-09-22 12:00:00,2018-09-22 12:00:00,2018-09-22 12:00:00,2021-09-22 12:00:00
132,2018-09-24 00:00:00,2018-09-24 00:00:00,2020-09-24 12:00:00,2020-09-24 12:00:00,2020-09-24 12:00:00,2015-09-24 12:00:00,2016-09-24 12:00:00,2021-09-24 12:00:00,2020-09-24 12:00:00,2021-09-24 12:00:00,2018-09-24 12:00:00,2018-09-24 12:00:00,2018-09-24 12:00:00,2021-09-24 12:00:00
133,2018-09-26 00:00:00,2018-09-26 00:00:00,2020-09-26 12:00:00,2020-09-26 12:00:00,2020-09-26 12:00:00,2015-09-26 12:00:00,2016-09-26 12:00:00,2021-09-26 12:00:00,2020-09-26 12:00:00,2021-09-26 12:00:00,2018-09-26 12:00:00,2018-09-26 12:00:00,2018-09-26 12:00:00,2021-09-26 12:00:00
134,2018-09-28 00:00:00,2018-09-28 00:00:00,2020-09-28 12:00:00,2020-09-28 12:00:00,2020-09-28 12:00:00,2015-09-28 12:00:00,2016-09-28 12:00:00,2021-09-28 12:00:00,2020-09-28 12:00:00,2021-09-28 12:00:00,2018-09-28 12:00:00,2018-09-28 12:00:00,2018-09-28 12:00:00,2021-09-28 12:00:00
135,2019-09-30 00:00:00,2020-09-30 00:00:00,2020-09-30 12:00:00,2020-09-30 12:00:00,2020-09-30 12:00:00,2015-09-30 12:00:00,2016-09-30 12:00:00,2018-09-30 12:00:00,2015-09-30 12:00:00,2018-09-30 12:00:00,2019-09-30 12:00:00,2020-09-30 12:00:00,2020-09-30 12:00:00,2018-09-30 12:00:00
136,2019-10-02 00:00:00,2020-10-02 00:00:00,2020-10-02 12:00:00,2020-10-02 12:00:00,2020-10-02 12:00:00,2015-10-02 12:00:00,2016-10-02 12:00:00,2018-10-02 12:00:00,2015-10-02 12:00:00,2018-10-02 12:00:00,2019-10-02 12:00:00,2020-10-02 12:00:00,2020-10-02 12:00:00,2018-10-02 12:00:00
137,2019-10-04 00:00:00,2020-10-04 00:00:00,2020-10-04 12:00:00,2020-10-04 12:00:00,2020-10-04 12:00:00,2015-10-04 12:00:00,2016-10-04 12:00:00,2018-10-04 12:00:00,2015-10-04 12:00:00,2018-10-04 12:00:00,2019-10-04 12:00:00,2020-10-04 12:00:00,2020-10-04 12:00:00,2018-10-04 12:00:00
138,2019-10-06 00:00:00,2020-10-06 00:00:00,2020-10-06 12:00:00,2020-10-06 12:00:00,2020-10-06 12:00:00,2015-10-06 12:00:00,2016-10-06 12:00:00,2018-10-06 12:00:00,2015-10-06 12:00:00,2018-10-06 12:00:00,2019-10-06 12:00:00,2020-10-06 12:00:00,2020-10-06 12:00:00,2018-10-06 12:00:00
139,2019-10-08 00:00:00,2020-10-08 00:00:00,2020-10-08 12:00:00,2020-10-08 12:00:00,2020-10-08 12:00:00,2015-10-08 12:00:00,2016-10-08 12:00:00,2018-10-08 12:00:00,2015-10-08 12:00:00,2018-10-08 12:00:00,2019-10-08 12:00:00,2020-10-08 12:00:00,2020-10-08 12:00:00,2018-10-08 12:00:00
140,2019-10-10 00:00:00,2020-10-10 00:00:00,2020-10-10 12:00:00,2020-10-10 12:00:00,2020-10-10 12:00:00,2015-10-10 12:00:00,2016-10-10 12:00:00,2018-10-10 12:00:00,2015-10-10 12:00:00,2018-10-10 12:00:00,2019-10-10 12:00:00,2020-10-10 12:00:00,2020-10-10 12:00:00,2018-10-10 12:00:00
141,2019-10-12 00:00:00,2020-10-12 00:00:00,2020-10-12 12:00:00,2020-10-12 12:00:00,2020-10-12 12:00:00,2015-10-12 12:00:00,2016-10-12 12:00:00,2018-10-12 12:00:00,2015-10-12 12:00:00,2018-10-12 12:00:00,2019-10-12 12:00:00,2020-10-12 12:00:00,2020-10-12 12:00:00,2018-10-12 12:00:00
142,2019-10-14 00:00:00,2020-10-14 00:00:00,2020-10-14 12:00:00,2020-10-14 12:00:00,2020-10-14 12:00:00,2015-10-14 12:00:00,2016-10-14 12:00:00,2018-10-14 12:00:00,2015-10-14 12:00:00,2018-10-14 12:00:00,2019-10-14 12:00:00,2020-10-14 12:00:00,2020-10-14 12:00:00,2018-10-14 12:00:00
143,2019-10-16 00:00:00,2020-10-16 00:00:00,2020-10-16 12:00:00,2020-10-16 12:00:00,2020-10-16 12:00:00,2015-10-16 12:00:00,2016-10-16 12:00:00,2018-10-16 12:00:00,2015-10-16 12:00:00,2018-10-16 12:00:00,2019-10-16 12:00:00,2020-10-16 12:00:00,2020-10-16 12:00:00,2018-10-16 12:00:00
144,2019-10-18 00:00:00,2020-10-18 00:00:00,2020-10-18 12:00:00,2020-10-18 12:00:00,2020-10-18 12:00:00,2015-10-18 12:00:00,2016-10-18 12:00:00,2018-10-18 12:00:00,2015-10-18 12:00:00,2018-10-18 12:00:00,2019-10-18 12:00:00,2020-10-18 12:00:00,2020-10-18 12:00:00,2018-10-18 12:00:00
145,2019-10-20 00:00:00,2020-10-20 00:00:00,2020-10-20 12:00:00,2020-10-20 12:00:00,2020-10-20 12:00:00,2015-10-20 12:00:00,2016-10-20 12:00:00,2018-10-20 12:00:00,2015-10-20 12:00:00,2018-10-20 12:00:00,2019-10-20 12:00:00,2020-10-20 12:00:00,2020-10-20 12:00:00,2018-10-20 12:00:00
146,2019-10-22 00:00:00,2020-10-22 00:00:00,2020-10-22 12:00:00,2020-10-22 12:00:00,2020-10-22 12:00:00,2015-10-22 12:00:00,2016-10-22 12:00:00,2018-10-22 12:00:00,2015-10-22 12:00:00,2018-10-22 12:00:00,2019-10-22 12:00:00,2020-10-22 12:00:00,2020-10-22 12:00:00,2018-10-22 12:00:00
147,2019-10-24 00:00:00,2020-10-24 00:00:00,2020-10-24 12:00:00,2020-10-24 12:00:00,2020-10-24 12:00:00,2015-10-24 12:00:00,2016-10-24 12:00:00,2018-10-24 12:00:00,2015-10-24 12:00:00,2018-10-24 12:00:00,2019-10-24 12:00:00,2020-10-24 12:00:00,2020-10-24 12:00:00,2018-10-24 12:00:00
148,2019-10-26 00:00:00,2020-10-26 00:00:00,2020-10-26 12:00:00,2020-10-26 12:00:00,2020-10-26 12:00:00,2015-10-26 12:00:00,2016-10-26 12:00:00,2018-10-26 12:00:00,2015-10-26 12:00:00,2018-10-26 12:00:00,2019-10-26 12:00:00,2020-10-26 12:00:00,2020-10-26 12:00:00,2018-10-26 12:00:00
149,2019-10-28 00:00:00,2020-10-28 00:00:00,2020-10-28 12:00:00,2020-10-28 12:00:00,2020-10-28 12:00:00,2015-10-28 12:00:00,2016-10-28 12:00:00,2018-10-28 12:00:00,2015-10-28 12:00:00,2018-10-28 12:00:00,2019-10-28 12:00:00,2020-10-28 12:00:00,2020-10-28 12:00:00,2018-10-28 12:00:00
150,2019-10-31 00:00:00,2020-10-31 00:00:00,2020-10-31 12:00:00,2020-10-31 12:00:00,2020-10-31 12:00:00,2015-10-31 12:00:00,2016-10-31 12:00:00,2019-10-31 12:00:00,2021-10-31 12:00:00,2019-10-31 12:00:00,2021-10-31 12:00:00,2020-10-31 12:00:00,2020-10-31 12:00:00,2021-10-31 12:00:00
151,2019-11-02 00:00:00,2020-11-02 00:00:00,2020-11-02 12:00:00,2020-11-02 12:00:00,2020-11-02 12:00:00,2015-11-02 12:00:00,2016-11-02 12:00:00,2019-11-02 12:00:00,2021-11-02 12:00:00,2019-11-02 12:00:00,2021-11-02 12:00:00,2020-11-02 12:00:00,2020-11-02 12:00:00,2021-11-02 12:00:00
152,2019-11-04 00:00:00,2020-11-04 00:00:00,2020-11-04 12:00:00,2020-11-04 12:00:00,2020-11-04 12:00:00,2015-11-04 12:00:00,2016-11-04 12:00:00,2019-11-04 12:00:00,2021-11-04 12:00:00,2019-11-04 12:00:00,2021-11-04 12:00:00,2020-11-04 12:00:00,2020-11-04 12:00:00,2021-11-04 12:00:00
153,2019-11-06 00:00:00,2020-11-06 00:00:00,2020-11-06 12:00:00,2020-11-06 12:00:00,2020-11-06 12:00:00,2015-11-06 12:00:00,2016-11-06 12:00:00,2019-11-06 12:00:00,2021-11-06 12:00:00,2019-11-06 12:00:00,2021-11-06 12:00:00,2020-11-06 12:00:00,2020-11-06 12:00:00,2021-11-06 12:00:00
154,2019-11-08 00:00:00,2020-11-08 00:00:00,2020-11-08 12:00:00,2020-11-08 12:00:00,2020-11-08 12:00:00,2015-11-08 12:00:00,2016-11-08 12:00:00,2019-11-08 12:00:00,2021-11-08 12:00:00,2019-11-08 12:00:00,2021-11-08 12:00:00,2020-11-08 12:00:00,2020-11-08 12:00:00,2021-11-08 12:00:00
155,2019-11-10 00:00:00,2020-11-10 00:00:00,2020-11-10 12:00:00,2020-11-10 12:00:00,2020-11-10 12:00:00,2015-11-10 12:00:00,2016-11-10 12:00:00,2019-11-10 12:00:00,2021-11-10 12:00:00,2019-11-10 12:00:00,2021-11-10 12:00:00,2020-11-10 12:00:00,2020-11-10 12:00:00,2021-11-10 12:00:00
156,2019-11-12 00:00:00,2020-11-12 00:00:00,2020-11-12 12:00:00,2020-11-12 12:00:00,2020-11-12 12:00:00,2015-11-12 12:00:00,2016-11-12 12:00:00,2019-11-12 12:00:00,2021-11-12 12:00:00,2019-11-12 12:00:00,2021-11-12 12:00:00,2020-11-12 12:00:00,2020-11-12 12:00:00,2021-11-12 12:00:00
157,2019-11-14 00:00:00,2020-11-14 00:00:00,2020-11-14 12:00:00,2020-11-14 12:00:00,2020-11-14 12:00:00,2015-11-14 12:00:00,2016-11-14 12:00:00,2019-11-14 12:00:00,2021-11-14 12:00:00,2019-11-14 12:00:00,2021-11-14 12:00:00,2020-11-14 12:00:00,2020-11-14 12:00:00,2021-11-14 12:00:00
158,2019-11-16 00:00:00,2020-11-16 00:00:00,2020-11-16 12:00:00,2020-11-16 12:00:00,2020-11-16 12:00:00,2015-11-16 12:00:00,2016-11-16 12:00:00,2019-11-16 12:00:00,2021-11-16 12:00:00,2019-11-16 12:00:00,2021-11-16 12:00:00,2020-11-16 12:00:00,2020-11-16 12:00:00,2021-11-16 12:00:00
159,2019-11-18 00:00:00,2020-11-18 00:00:00,2020-11-18 12:00:00,2020-11-18 12:00:00,2020-11-18 12:00:00,2015-11-18 12:00:00,2016-11-18 12:00:00,2019-11-18 12:00:00,2021-11-18 12:00:00,2019-11-18 12:00:00,2021-11-18 12:00:00,2020-11-18 12:00:00,2020-11-18 12:00:00,2021-11-18 12:00:00
160,2019-11-20 00:00:00,2020-11-20 00:00:00,2020-11-20 12:00:00,2020-11-20 12:00:00,2020-11-20 12:00:00,2015-11-20 12:00:00,2016-11-20 12:00:00,2019-11-20 12:00:00,2021-11-20 12:00:00,2019-11-20 12:00:00,2021-11-20 12:00:00,2020-11-20 12:00:00,2020-11-20 12:00:00,2021-11-20 12:00:00
161,2019-11-22 00:00:00,2020-11-22 00:00:00,2020-11-22 12:00:00,2020-11-22 12:00:00,2020-11-22 12:00:00,2015-11-22 12:00:00,2016-11-22 12:00:00,2019-11-22 12:00:00,2021-11-22 12:00:00,2019-11-22 12:00:00,2021-11-22 12:00:00,2020-11-22 12:00:00,2020-11-22 12:00:00,2021-11-22 12:00:00
162,2019-11-24 00:00:00,2020-11-24 00:00:00,2020-11-24 12:00:00,2020-11-24 12:00:00,2020-11-24 12:00:00,2015-11-24 12:00:00,2016-11-24 12:00:00,2019-11-24 12:00:00,2021-11-24 12:00:00,2019-11-24 12:00:00,2021-11-24 12:00:00,2020-11-24 12:00:00,2020-11-24 12:00:00,2021-11-24 12:00:00
163,2019-11-26 00:00:00,2020-11-26 00:00:00,2020-11-26 12:00:00,2020-11-26 12:00:00,2020-11-26 12:00:00,2015-11-26 12:00:00,2016-11-26 12:00:00,2019-11-26 12:00:00,2021-11-26 12:00:00,2019-11-26 12:00:00,2021-11-26 12:00:00,2020-11-26 12:00:00,2020-11-26 12:00:00,2021-11-26 12:00:00
164,2019-11-28 00:00:00,2020-11-28 00:00:00,2020-11-28 12:00:00,2020-11-28 12:00:00,2020-11-28 12:00:00,2015-11-28 12:00:00,2016-11-28 12:00:00,2019-11-28 12:00:00,2021-11-28 12:00:00,2019-11-28 12:00:00,2021-11-28 12:00:00,2020-11-28 12:00:00,2020-11-28 12:00:00,2021-11-28 12:00:00
165,2020-11-30 00:00:00,2019-11-30 00:00:00,2019-11-30 12:00:00,2019-11-30 12:00:00,2019-11-30 12:00:00,2015-11-30 12:00:00,2015-11-30 12:00:00,2019-11-30 12:00:00,2016-11-30 12:00:00,2019-11-30 12:00:00,2019-11-30 12:00:00,2019-11-30 12:00:00,2019-11-30 12:00:00,2019-11-30 12:00:00
166,2020-12-02 00:00:00,2019-12-02 00:00:00,2019-12-02 12:00:00,2019-12-02 12:00:00,2019-12-02 12:00:00,2015-12-02 12:00:00,2015-12-02 12:00:00,2019-12-02 12:00:00,2016-12-02 12:00:00,2019-12-02 12:00:00,2019-12-02 12:00:00,2019-12-02 12:00:00,2019-12-02 12:00:00,2019-12-02 12:00:00
167,2020-12-04 00:00:00,2019-12-04 00:00:00,2019-12-04 12:00:00,2019-12-04 12:00:00,2019-12-04 12:00:00,2015-12-04 12:00:00,2015-12-04 12:00:00,2019-12-04 12:00:00,2016-12-04 12:00:00,2019-12-04 12:00:00,2019-12-04 12:00:00,2019-12-04 12:00:00,2019-12-04 12:00:00,2019-12-04 12:00:00
168,2020-12-06 00:00:00,2019-12-06 00:00:00,2019-12-06 12:00:00,2019-12-06 12:00:00,2019-12-06 12:00:00,2015-12-06 12:00:00,2015-12-06 12:00:00,2019-12-06 12:00:00,2016-12-06 12:00:00,2019-12-06 12:00:00,2019-12-06 12:00:00,2019-12-06 12:00:00,2019-12-06 12:00:00,2019-12-06 12:00:00
169,2020-12-08 00:00:00,2019-12-08 00:00:00,2019-12-08 12:00:00,2019-12-08 12:00:00,2019-12-08 12:00:00,2015-12-08 12:00:00,2015-12-08 12:00:00,2019-12-08 12:00:00,2016-12-08 12:00:00,2019-12-08 12:00:00,2019-12-08 12:00:00,2019-12-08 12:00:00,2019-12-08 12:00:00,2019-12-08 12:00:00
170,2020-12-10 00:00:00,2019-12-10 00:00:00,2019-12-10 12:00:00,2019-12-10 12:00:00,2019-12-10 12:00:00,2015-12-10 12:00:00,2015-12-10 12:00:00,2019-12-10 12:00:00,2016-12-10 12:00:00,2019-12-10 12:00:00,2019-12-10 12:00:00,2019-12-10 12:00:00,2019-12-10 12:00:00,2019-12-10 12:00:00
171,2020-12-12 00:00:00,2019-12-12 00:00:00,2019-12-12 12:00:00,2019-12-12 12:00:00,2019-12-12 12:00:00,2015-12-12 12:00:00,2015-12-12 12:00:00,2019-12-12 12:00:00,2016-12-12 12:00:00,2019-12-12 12:00:00,2019-12-12 12:00:00,2019-12-12 12:00:00,2019-12-12 12:00:00,2019-12-12 12:00:00
172,2020-12-14 00:00:00,2019-12-14 00:00:00,2019-12-14 12:00:00,2019-12-14 12:00:00,2019-12-14 12:00:00,2015-12-14 12:00:00,2015-12-14 12:00:00,2019-12-14 12:00:00,2016-12-14 12:00:00,2019-12-14 12:00:00,2019-12-14 12:00:00,2019-12-14 12:00:00,2019-12-14 12:00:00,2019-12-14 12:00:00
173,2020-12-16 00:00:00,2019-12-16 00:00:00,2019-12-16 12:00:00,2019-12-16 12:00:00,2019-12-16 12:00:00,2015-12-16 12:00:00,2015-12-16 12:00:00,2019-12-16 12:00:00,2016-12-16 12:00:00,2019-12-16 12:00:00,2019-12-16 12:00:00,2019-12-16 12:00:00,2019-12-16 12:00:00,2019-12-16 12:00:00
174,2020-12-18 00:00:00,2019-12-18 00:00:00,2019-12-18 12:00:00,2019-12-18 12:00:00,2019-12-18 12:00:00,2015-12-18 12:00:00,2015-12-18 12:00:00,2019-12-18 12:00:00,2016-12-18 12:00:00,2019-12-18 12:00:00,2019-12-18 12:00:00,2019-12-18 12:00:00,2019-12-18 12:00:00,2019-12-18 12:00:00
175,2020-12-20 00:00:00,2019-12-20 00:00:00,2019-12-20 12:00:00,2019-12-20 12:00:00,2019-12-20 12:00:00,2015-12-20 12:00:00,2015-12-20 12:00:00,2019-12-20 12:00:00,2016-12-20 12:00:00,2019-12-20 12:00:00,2019-12-20 12:00:00,2019-12-20 12:00:00,2019-12-20 12:00:00,2019-12-20 12:00:00
176,2020-12-22 00:00:00,2019-12-22 00:00:00,2019-12-22 12:00:00,2019-12-22 12:00:00,2019-12-22 12:00:00,2015-12-22 12:00:00,2015-12-22 12:00:00,2019-12-22 12:00:00,2016-12-22 12:00:00,2019-12-22 12:00:00,2019-12-22 12:00:00,2019-12-22 12:00:00,2019-12-22 12:00:00,2019-12-22 12:00:00
177,2020-12-24 00:00:00,2019-12-24 00:00:00,2019-12-24 12:00:00,2019-12-24 12:00:00,2019-12-24 12:00:00,2015-12-24 12:00:00,2015-12-24 12:00:00,2019-12-24 12:00:00,2016-12-24 12:00:00,2019-12-24 12:00:00,2019-12-24 12:00:00,2019-12-24 12:00:00,2019-12-24 12:00:00,2019-12-24 12:00:00
178,2020-12-26 00:00:00,2019-12-26 00:00:00,2019-12-26 12:00:00,2019-12-26 12:00:00,2019-12-26 12:00:00,2015-12-26 12:00:00,2015-12-26 12:00:00,2019-12-26 12:00:00,2016-12-26 12:00:00,2019-12-26 12:00:00,2019-12-26 12:00:00,2019-12-26 12:00:00,2019-12-26 12:00:00,2019-12-26 12:00:00
179,2020-12-28 00:00:00,2019-12-28 00:00:00,2019-12-28 12:00:00,2019-12-28 12:00:00,2019-12-28 12:00:00,2015-12-28 12:00:00,2015-12-28 12:00:00,2019-12-28 12:00:00,2016-12-28 12:00:00,2019-12-28 12:00:00,2019-12-28 12:00:00,2019-12-28 12:00:00,2019-12-28 12:00:00,2019-12-28 12:00:00
